,State_0,State_1,State_2
State_0,0.008518170953788927,0.9914816081900886,2.2085612257595516e-07
State_1,0.9152692679698027,0.05365049186954307,0.03108024016065422
State_2,5.951151386300492e-05,0.02193268708172419,0.9780078014044128
