,CAGR,Sharpe,Sortino,Max Drawdown,Calmar,Turnover
Dynamic Strategy Gross,0.23684123386635547,1.3323403682397632,1.4013885658234237,-0.17946085444728588,1.3197375806316818,0.04589074002041286
Dynamic Strategy Net,0.22616245908601873,1.2813080370041352,1.3501609521871305,-0.18291295491097914,1.2364485566158419,0.04589074002041286
Equal Weight,0.1501533919905922,1.3223268203205316,1.5448869638436362,-0.12647960944105185,1.187174696808136,0.0
Static 60/40,0.025266847749694676,0.3360462952347661,0.5065196477024507,-0.09568171726365793,0.2640718464539055,0.0
